[
  {
      "id": 2,
      "vegtype": "veg",
      "menutype": "Regular",
      "weektype": "Friday",
      "menu": [
          {
              "Type": "Breakfast",
              "price": "50",
              "imageUrl": "https://lalaskitchen.in:3000/image/Screenshot (25).png",
              "mealType": "Appam"
          },
          {
              "Type": "Lunch",
              "price": "10",
              "imageUrl": "https://lalaskitchen.in:3000/image/Screenshot (25).png",
              "mealType": "Rice"
          },
          {
              "Type": "Dinner",
              "price": "10",
              "imageUrl": "https://lalaskitchen.in:3000/image/Screenshot (25).png",
              "mealType": "Chappathi"
          }
      ],
      "status": true
  }
]